Unnamed: 0,Question,Answer,similarity_score,forestry_question
5,Where is Virginia pine native to?,Virginia pine is native to the southeastern United States.,0.9602970467790612,1
9,What type of soil does Virginia pine prefer?,Virginia pine prefers well-drained and acidic soil.,0.9999976754778755,1
16,What is the purpose of the lumber inspections by the National Hardwood Lumber Association?,The lumber inspections by the National Hardwood Lumber Association aim to guide the recruitment and inspection of hardwood and cygen.,0.9745586536447668,1
20,What is the difference between hardwood and softwood lumber?,"Hardwood lumber comes from broadleaf and deciduous trees, while softwood lumber comes from coniferous trees.",0.8936299638737558,1
27,What resources does the National Hardwood Lumber Association provide for education?,The Association offers short-term instructional courses and a full-time training school for both members and non-members to achieve a uniform understanding and application of the rules.,0.9504864449517318,1
28,What services does the Association provide for the buyer and seller of hardwoods?,The Association maintains a staff of highly qualified inspectors who are available on request to both members and non-members for the protection and interests of buyers and sellers.,0.926954987595232,1
30,What is the duty of lumber graders?,Lumber graders grade lumber as specified in written orders and provide certificates if applicable.,0.8912912417584662,1
33,What is the responsibility of hardwood operators regarding the lumber rules?,Hardwood operators have an obligation to ensure that the lumber rules bear a reasonable and practical relationship to the available timber supply in order to promote conservation.,0.9030799436947364,1
46,What is the specified variation in thickness for lumber with a thickness of 4/4 and 5/4?,"The specified variation in thickness for lumber with a thickness of 4/4 and 5/4 is minus 0"" / plus 1/4"".",0.9720418992223764,1
49,What is the specified variation in thickness for lumber with a thickness of 1/4/4 to 2/4?,The specified variation in thickness for lumber with a thickness of 1/4/4 to 2/4 is not mentioned.,0.9720418992223764,1
50,What is clear-face cutting?,A coating having one clear face (ordinary season checks are admitted) and the reverse side sound as defined in Sound Cutting.,0.980054608871247,1
51,What is sound cutting?,"A cutting free from rot, pin, shake and wane, admitting sound knots, bird pecka, stain, streak or their equivalence, and limited holes of certain sizes.",0.9880455628212094,1
60,What is the cutting unit method?,The cutting unit method is used to measure the amount of usable wood in boards.,0.9633179132657944,1
104,How many cuttings are required for a surface measure of l' and 9'?,4 cuttings are required.,0.9574827266465956,1
109,What is the maximum number of cuttings permissible for pieces from 2' to 7'?,The maximum number of cuttings permissible is not mentioned.,0.9681420183807375,1
127,What is the natural range of Virginia pine?,Virginia pine is native to the United States and is commonly found in the southeastern states.,0.999999209468564,1
129,What are the preferred growing conditions for Virginia pine?,Virginia pine prefers well-drained sandy or loamy soils and full sun exposure.,0.9414771953505532,1
136,Which region is Virginia pine commonly found in?,Virginia pine is commonly found in the southern states.,0.985905800814464,1
138,What are the uses of Virginia pine wood?,"Virginia pine wood is commonly used for construction, paneling, and furniture.",0.988697978442402,1
157,What is the purpose of growing Virginia pine in southern states?,Virginia pine is often grown for Christmas trees in southern states.,0.9988421247820172,1
167,What is the definition of a defect in forestry?,"A defect is any irregularity occurring in or on wood that may lower some of its strength, durability, or utility values.",0.9145828715428698,1
168,What is the definition of a blemish in forestry?,"A blemish is anything not classified as a defect, marking the appearance of the wood.",0.9145828715428698,1
183,What is a spike knot?,A spike knot is a branch or limb saved in a lengthwise direction.,0.8983432379600247,1
185,What is the impact of an unsound knot on the board?,An unsound knot will not impair the strength of the board.,0.8557328335404097,1
187,What is a tight knot?,A tight knot is one to fixed by growth or position that it will firmly retain its place in the piece.,0.9259935078680168,1
195,What is a cup shake?,A cup shake is one that does not completely encircle the pink.,0.9120946589280856,1
239,What is the purpose of custom kiln drying?,Custom kiln drying is a commercial agreement between the kiln operator and the owner of the lumber.,0.9390026323695098,1
245,What determines the grade of surfaced lumber?,The grade of surfaced lumber is determined from the better face of the piece.,0.9885652898869164,1
246,What are some exceptions to the inspection rules for surfaced lumber?,"The reverse side of cuttings in FAS and No. 1 Common grades are not required to be sound. Skips, chips, and teen grain may be admitted within certain limits.",0.9215130680454507,1
251,How is lumber specified as 'hit or miss' different from standard surfaced lumber?,"Lumber specified as 'hit or miss' can have skips, chips, or teen grain without limit, as long as the cutting area is thick enough to be surfaced to standard thickness.",0.8890369625967232,1
266,What are considered defects in Bending Oak?,"Stain, bird packs, spot and pin room holes scattered or in clusters not less than 6"" apart with not more than three worm holes to the cluster are not considered defects.",0.9316913251408104,1
269,"What additional conditions are acceptable for pieces 6"" and wider, 8"" and longer in Bending Oak?","In pieces 6"" and wider, 8"" and longer, six inches of split in one end or its aggregate equivalent in both ends is acceptable.",0.9278838719971338,1
281,Does Virginia pine have any specific pest or disease issues?,"Virginia pine may be susceptible to certain pests and diseases, including pine bark beetles and fusiform rust.",0.9968319416424236,1
293,What is wane and where is it allowed in sound square edge timber?,"Wane refers to the absence of wood on one or more corners. It is allowed on one or more corners, not exceeding one-third of the width or thickness, or it may extend across only one face.",0.8791368102770103,1
311,What is the purpose of growing Virginia pine in the southern states?,Virginia pine is often grown for Christmas trees in the southern states.,0.9988421247820172,1
316,What is a Boxed Heart?,A Boxed Heart is the term used when the path falls entirely within the four faces of a piece of wood anywhere in its length.,0.8568379573841177,1
317,What is a Burl?,A Burl is a swirl or twist in the grain of the wood which usually occurs near a knot but does not contain a knot. Those containing sound centers are admitted in the cuttings except when otherwise specified.,0.7919536779036289,1
320,What is a Cutting?,"A Cutting is a portion of a board or plank obtained by cross-curring or ripping, or by both. In the Common grades, a cutting shall be flat enough so surface two sides to standard surfaces different it has been removed from the board. In the grades of Selects and Betes, the entire board must be flat enough to surface two sides to standard surfaced thickness (for skip limitations, see page 58 under the rule 'Clear-Face' Cutting Grade). Diagonal curtings are not permitted.",0.91340994785997,1
333,Is Virginia pine a common species for reforestation efforts?,"Yes, Virginia pine is commonly used in reforestation projects.",0.9345686109646744,1
338,What is the scientific name of Virginia pine?,The scientific name of Virginia pine is Pinus virginiana.,0.9999981087690272,1
340,Does Virginia pine prefer sunny or shaded areas?,Virginia pine prefers sunny areas and is intolerant of shade.,0.9443102649277728,1
342,What type of wood does Virginia pine have?,Virginia pine has a hard wood that is often used for lumber and pulpwood.,0.9706966608868698,1
350,Is Virginia pine a native tree species in the United States?,"Yes, Virginia pine is a native tree species in the United States.",0.9925859627418588,1
351,What is the preferred soil type for Virginia pine?,"Virginia pine prefers well-drained, acidic soils.",0.9817387627948236,1
352,Does Virginia pine have any economic or commercial uses?,"Yes, Virginia pine is used for lumber, interior paneling, and pulpwood production.",0.9712227172634658,1
360,Is Virginia pine a native species to the United States?,"Yes, Virginia pine is native to the United States.",0.9925859627418588,1
370,In what type of soil does Virginia pine prefer to grow?,"Virginia pine prefers to grow in well-drained, sandy or loamy soils.",0.99034602789944,1
382,What is the lifespan of Virginia pine?,Virginia pine can live up to 60 years.,0.999998123462278,1
416,Can the rules under Standard Inspection and Special Inspection be applied to contracts with different grade names?,"No, the rules under Standard Inspection and Special Inspection cannot be applied to contracts with grade names different from those listed herein, except by special agreement between buyer and seller.",0.865835361672352,1
420,Does the thickness of lumber determine its grade?,"No, thickness does not determine the grade of lumber.",0.922292988224366,1
423,What special features are considered after determining grade and thickness of lumber?,Special features such as the amount of forty-five degree radial grain for classification as quarter seven lumber and the amount of figure for specified woods are considered.,0.9073784090946008,1
455,"What is the width requirement for pieces in FAS grade that are 4"" and wider?","Pieces that are 4"" and wider in FAS grade should cut 11/12 (91-2/3%) clear face in one cutting.",0.9593640507648472,1
465,What are the minimum curing dimensions for FAS grade walnut?,"The minimum curing dimensions for FAS grade walnut are 4"" wide by 3' long, or 3"" wide by 6' long.",0.9442823363564667,1
466,What is the maximum allowable sapwood on FAS grade walnut?,"Pieces 5"", 6"", and 7"" wide admit sapwood on either or both faces which does not exceed in the aggregate one-sixth the width of the piece; 8"" and wider admit sapwood on either or both faces which does not exceed in the aggregate one-fourth the width of the piece.",0.923152156615242,1
476,What is the diameter of a mature Virginia pine?,A mature Virginia pine attains a diameter of 1 to 1.5 feet.,0.9999990041312212,1
482,What is the diameter range of mature Virginia pine?,A mature Virginia pine attains a diameter of 1 to 1.5 feet.,0.9952209014353446,1
483,What is a common use of Virginia pine in the southern states?,Virginia pine is often grown for Christmas trees.,0.9989805365899508,1
509,Can strips be slightly narrower than the standard widths when shipping dry?,"Yes, strips may be 1/8"" scant of standard widths when shipping dry.",0.9283727758739024,1
567,What region does Virginia pine commonly occur in?,Virginia pine commonly occurs in the southeastern United States.,0.985905800814464,1
568,Is Virginia pine a native tree?,"Yes, Virginia pine is a native tree in the United States.",0.9758301801592096,1
576,What is decay in forestry?,Decay is the decomposition of wood substance by fungi.,0.9322074642682778,1
578,What does 'green' refer to in forestry?,'Green' refers to freshly cut lumber or lumber that has received no intentional drying.,0.8775634474065832,1
586,What is the shade tolerance of Virginia pine?,Virginia pine is intolerant of shade.,0.982906626715134,1
591,What is the primary use of Virginia pine in southern states?,The primary use of Virginia pine in southern states is for Christmas trees.,0.9832546502781018,1
600,What is the lifespan of Virginia pine?,Virginia pine has a lifespan of approximately 90 to 140 years.,0.999998123462278,1
601,Is Virginia pine a timber tree?,"Yes, Virginia pine is commonly used for lumber and pulpwood.",0.9513551904102232,1
607,Is Virginia pine a fast-growing tree?,Virginia pine has a moderate growth rate.,0.9900099594673012,1
609,What is the average height range for Virginia pine?,Virginia pine typically grows between 40 to 60 feet.,0.9992860360227612,1
611,What is a common use for Virginia pine in the southern states?,Virginia pine is commonly used for Christmas trees in the southern states.,0.9989805365899508,1
626,What is the meaning of SELECTS in Soft Elm grading?,SELECTS is a grade in Soft Elm that indicates high quality wood.,0.8869772729879094,1
628,What is the meaning of NO. 2A COMMON in Soft Maple grading?,NO. 2A COMMON is a grade in Soft Maple that indicates relatively low quality wood.,0.9859091148169424,1
637,"What is the width of the sapwood admitted on the bearer face for pieces 4"" wide?","The sapwood admitted on the bearer face for pieces 4"" wide does not exceed one-sixth the width of the piece in aggregate.",0.8873829326278447,1
641,What is considered a standard defect for FAS Walnut?,"One knot or hole with a diameter of 1-1/4"" is a standard defect.",0.9321427905516664,1
677,What should be the thickness of rough saw lumber compared to the nominal thickness?,"The thickness of rough saw lumber should be 1/16"" to 1/8"" over the nominal thickness.",0.9161404142769474,1
678,How is lumber measured for thickness if it has greater variation than specified?,Lumber with greater variation in thickness is measured at the thinnest point and closed as miscut.,0.934082893297418,1
705,What is the grading system for Aromatic Red Cedar?,The grading system for Aromatic Red Cedar includes NO. 1 COMMON & BETTER and NO. 2A COMMON.,0.9255503250320708,1
732,What is the purpose of an Original Inspection in the forestry industry?,An Original Inspection is used to assess the quality and specifications of lumber.,0.9468742055281948,1
740,Do the regulations regarding grading and measurement by a National Inspector only at declaration apply to all types of lumber?,"No, the regulations apply especially but not solely to lumber bulk piled at shipping point.",0.9399595341281496,1
741,What is the purpose of measuring lumber in the forestry industry?,Measuring lumber is done to determine the dimensions and quantities of lumber for trading and construction purposes.,0.9009335033710412,1
762,What is the purpose of forestry?,"Forestry is the practice of managing and cultivating forests for various purposes such as timber production, conservation, and ecosystem services.",0.9049081387691962,1
763,What are some common characteristics of Virginia pine?,"Virginia pine is intolerant of shade, has a moderate growth rate, and is a hard pine.",0.9915679576222498,1
767,What is the process of plain sawing in forestry?,"Plain sawing is a method of cutting lumber where the log is cut parallel to the growth rings, resulting in a wider variety of grain patterns.",0.8632414144700412,1
768,What is the purpose of industrial blocking in forestry?,"Industrial blocking is the process of creating large, standardized pieces of wood used in the construction of industrial facilities and equipment.",0.882843263195841,1
770,What is the standard measurement and tally method in forestry?,The standard measurement and tally method in forestry is a system of measuring and recording the quantity and quality of harvested timber.,0.8942481762789721,1
776,What are some tips and shortcuts in forestry?,"Some tips and shortcuts in forestry include determining 2/3 the width of the board using the lumber scale, calculating the value for upgrading by obtaining the percentage difference between lumber pieces and dividing 100 by the surface measure, and deducting the amount of side bend in a board when taking full length cuttings.",0.8739807610062423,1
783,What is the standard for FAS grade of Red Birch?,"For Red Birch, the standard for FAS grade is width 5* and wider; pieces 5* wide containing 3' and 4' surface measure shall be clear, pieces 5* wide containing 5' in 7' surface measure shall yield 11/12 (91-2/3%) clear face in one cutting.",0.9270711384162664,1
786,What is the standard for FAS grade of Sap Hard Maple?,"For Sap Hard Maple, the standard for FAS grade is width 5* and wider; pieces 5* wide containing 3' and 4' surface measure shall be clear, pieces 5* wide containing 5' to 7' surface measure shall yield 11/12 (91-2/3%) clear face in one cutting.",0.9374385277003956,1
789,What are some characteristics of Virginia pine?,"Virginia pine is intolerant of shade, has a moderate growth rate, and is a hard pine.",0.9999991431371008,1
795,"What is the grading standard for Aspen wood of EAS, F1E, SELECTS, and NO. 1 COMMON?",Standard.,0.9541352174855564,1
799,What are some characteristics of No. 3 Common Timbers?,"No. 3 Common Timbers have cancer defects like coarse peck and occasional knot holes, but each piece is sufficient for use as ground silk and low cost building material.",0.9160033127548464,1
809,What are the standards for Virginia pine?,Virginia pine has specific standards for its growth and appearance.,0.9235544999249976,1
828,Is Virginia pine an important species for wildlife?,"Yes, Virginia pine provides important cover and food for various wildlife species.",0.9545879634567284,1
831,How is board feet calculated?,"Board feet is calculated by multiplying the surface measure by the standard thickness, rounding up or down to the nearest whole number.",0.9457618633302785,1
832,What is the measurement rule for random width lumber?,"In random width lumber measured with a board rule, fractions of a foot below the half are dropped and fractions of a foot higher than the half are rounded to the next higher whole foot.",0.9076740375584514,1
840,How many cuttings are allowed for pieces 2' to 4' in surface measure for Colonial Poplar?,Pieces 2' to 4' in surface measure for Colonial Poplar yield 1 cutting.,0.9635415557447916,1
844,How many cuttings are allowed for pieces 14' and over in surface measure for Colonial Poplar?,Pieces 14' and over in surface measure for Colonial Poplar yield 5 cuttings.,0.9623080677015357,1
846,What are the grading rules for Pacific Coast Red Alder?,Pacific Coast Red Alder lumber allows for the admission of pin knoes and other defects of certain dimensions.,0.8988156879997362,1
857,What is not allowed in the cutting on both faces for all grades in Tropicl Hardwoods?,Saproed is not allowed in the cutting on both faces in all grades of Tropicl Hardwoods.,0.902299005836155,1
864,What is the preferred habitat of Virginia pine?,"Virginia pine is adapted to a wide range of habitats, but it prefers dry, sandy soils.",0.9414771953505532,1
867,What are the cones of Virginia pine like?,"The cones of Virginia pine are small, measuring 1.5 to 2 inches long, and have prickly scales.",0.938260642863731,1
868,What is the commercial value of Virginia pine?,Virginia pine is valuable for lumber and pulpwood production.,0.967097898987056,1
880,What are the requirements for clear wood and sound wood in the ends of standard length boards?,"Within one final foot from the ends of the boards of standard lengths, there must be 50% clear wood and not less than 25% of sound wood in the aggregate.",0.8841553324583016,1
882,What is the allowance for warp and cup in boards with a standard surfaced thickness?,"Warp and cup are admitted if the entire board will surface use side as standard surfaced thickness, following the rules for lumber surfaced two sides. Pieces 12"" and wider can be cupped or warped as long as they can be ripped to produce two pieces each of which would grade FAS and meet the warp and cup requirement. This exception does not apply to contracts for lumber in special widths 10"" and wider.",0.8862019794497089,1
883,What is the clear-face cutting yield requirement for FAS-grade lumber?,"FAS-grade admits pieces that will yield 10/12 (83-1/3%) or 11/12 (91-2/3%) clear-face cutting. Surface measures from 4' to 7' require 10/12 (83-1/3%) to yield one cutting. Measures from 8' to 11' require two cuttings. Measures from 12' to 15' require three cuttings. Measures 16' and over require four cuttings. In addition, pieces 6' to 15' surface measure can admit one additional coating to yield 11/12 (91-2/3%).",0.9095105458678442,1
896,Does Virginia pine produce softwood or hardwood?,Virginia pine is a softwood.,0.967231986084624,1
906,What is the standard thickness for rough lumber that is 1-3/4 inch thick?,The standard thickness for rough lumber that is 1-3/4 inch thick is 52S 1-1/2 inch when surfaced.,0.9738229318819306,1
908,What is the standard thickness for rough lumber that is 3-1/2 inch thick?,The standard thickness for rough lumber that is 3-1/2 inch thick is 52S 3-1/4 inch when surfaced.,0.9738229318819306,1
922,"What is the grade standard for FAS, F1F, SELECTS, NO. 1 COMMON, NO. 2A COMMON, NO. 3A COMMON, SOUND WORMY, NO. 2B COMMON, NO. 3B COMMON?",The grade standard is standard for all the mentioned grades.,0.9567696289232872,1
926,What is the grade standard for NO. 1 COMMON in Poplar (American Tulipwood)?,"The grade standard for NO. 1 COMMON is standard, but slight stain is permitted.",0.9749069583741832,1
938,What are Virginia pine often grown for in the southern states?,Virginia pine is often grown for Christmas trees.,0.997371756045488,1
968,What is the allowable wane in boxed hearts?,"Wane not exceeding one-fourth of the width of the surface on which it appears will be admitted on one corner, or this amount may be divided and show on two or more corners.",0.8915047913376749,1
976,What is the height that Virginia pine can grow to?,Virginia pine grows to a height of 40 to 60 feet.,0.9817172789097804,1
985,What are the standard grades of forestry?,"The standard grades are Selects & Better, No. 1 Common, No. 2 Common, and Peck.",0.9213021792991172,1
1004,What is the volume of 1 cubic foot in cubic decimeters?,1 cubic foot is equal to 28.317 cubic decimeters.,0.9475227132963584,1
1012,What are the characteristics of NO. 1 COMMON grade in forestry?,NO. 1 COMMON grade yields 66-2/3% clear face in not over two cuttings in 6' to 11' and not over three cuttings in 12' and longer.,0.9082476219349718,1
